{
    "blogList": [
        {
            "title": "Chatbots between NLP and Wizard: the two conversation approaches compared",
            "subTitle": "Let’s shed a light on the most popular ways to interact with a conversational interface",
            "author": "Chiara Martino",
            "refrence": "Chatbots Magazine",
            "link": "https://chatbotsmagazine.com/@chiara.martino?source=---------0---------------------"
        },
        {
            "title": "Chatbots between NLP and Wizard: the two conversation approaches compared",
            "subTitle": "Let’s shed a light on the most popular ways to interact with a conversational interface",
            "author": "Chiara Martino",
            "refrence": "Chatbots Magazine",
            "link": "https://chatbotsmagazine.com/@chiara.martino?source=---------0---------------------"
        },
        {
            "title": "Chatbots between NLP and Wizard: the two conversation approaches compared",
            "subTitle": "Let’s shed a light on the most popular ways to interact with a conversational interface",
            "author": "Chiara Martino",
            "refrence": "Chatbots Magazine",
            "link": "https://chatbotsmagazine.com/@chiara.martino?source=---------0---------------------"
        }
    ]
}